1000,Dr. Scholl's For Her Rub Relief Strips,12,2018-03-19,2018-03-31
1001,Scotch Removable Clear Mounting Squares - 35 Ct,25,2018-02-08,2018-02-20
1002,Ahold Premium Paper Towels Giant Rolls - 8 Ct,61,2018-01-20,2018-02-01
1003,Plums Black,71,2018-03-29,2018-04-10
1004,Ahold Cooked Shrimp Large Tail-on,62,2018-03-25,2018-04-06
1005,Howe Gummi Sour Brites,73,2018-03-22,2018-04-03
1006,Companion Dog Biscuits Senior,74,2018-01-03,2018-01-15
1007,Careone Vitamin B12 500mcg Tablets - 100 Ct,43,2018-02-01,2018-02-13
1008,Amy's Light & Lean Spaghetti Italiano,59,2018-01-15,2018-01-27
1009,Amy's Light & Lean Spaghetti Italiano,20,2018-02-02,2018-02-14
1010,Swingline Standard Desk Stapler Bonus Pack!,61,2018-01-20,2018-02-01
1011,Campbell's Homestyle Soup Italian-style Wedding,59,2018-02-17,2018-03-01
1012,Plums Black,61,2018-02-18,2018-03-02
1013,Hershey's Caramel Syrup,58,2018-02-20,2018-03-04
1014,Premier Protein Crisp Crunchy Protein Bar Peanut Butter Caramel - 6 Ct,68,2018-01-07,2018-01-19
1015,Riceland American Jazmine Rice,19,2018-01-17,2018-01-29
1016,Hime Wasabi Powdered Sushi,37,2018-01-26,2018-02-07
1017,Perry's Ice Cream Panda Paws,22,2018-02-10,2018-02-22
1018,Halls Menthol Cough Suppresant/oral Anesthetic Drops Honey-lemon - 30 Ct,40,2018-02-12,2018-02-24
1019,Mccormick Grill Mates Mesquite Marinade,30,2018-03-06,2018-03-18
1020,Smart Living Assorted Binder Clips - 10 Ct,45,2018-02-26,2018-03-10
1021,International Delight Coffee Creamer Irish Cream,25,2018-02-02,2018-02-14
1022,Earth's Best Organic Fruit Yogurt Smoothie Mixed Berry,31,2018-02-13,2018-02-25
1023,Smart Living 10.5in X 8in,59,2018-03-01,2018-03-13
1024,Cuisinart Citrus Juicer Pulp Control,61,2018-01-29,2018-02-10
1025,Urban Accents Fisherman's Wharf Seafood Seasoning,35,2018-01-02,2018-01-14
1026,Perry's Ice Cream Panda Paws,28,2018-02-27,2018-03-11
1027,Nature's Way Forskohlii - 60 Ct,67,2018-02-21,2018-03-05
1028,Careone Vitamin B12 500mcg Tablets - 100 Ct,49,2018-03-28,2018-04-09
1029,Nestle Coffee-mate Fat Free Hazelnut Flavor Coffee Creamer,59,2018-03-02,2018-03-14
1030,Lotrimin Ultra Antifungal Athlete's Foot Cream,33,2018-02-04,2018-02-16
1031,Triaminic Syrup Night Time Cold & Cough Grape 4oz,57,2018-01-17,2018-01-29
1032,Rice Bran Gluten Free Dinner Rolls Plain,49,2018-01-19,2018-01-31
1033,Halls Menthol Cough Suppresant/oral Anesthetic Drops Honey-lemon - 30 Ct,44,2018-03-13,2018-03-25
1034,Manishchewitz Gluten Free Wide Egg Noodles,69,2018-02-05,2018-02-17
1035,Sundown Naturals Essential Electrolytes Tropical Punch Watermelon And Fruit Punch Gummies - 60 Ct,67,2018-01-27,2018-02-08
1036,Boar's Head Sliced White American Cheese - 120 Ct,60,2018-01-24,2018-02-05
1037,Mueller Sport Care Basic Support Level Medium Elastic Knee Support,49,2018-03-20,2018-04-01
1038,Frigo Cheese Heads 100% Natural String Cheese Light - 12 Ct,41,2018-01-08,2018-01-20
1039,Garnier Nutritioniste Moisture Rescue Fresh Cleansing Foam,27,2018-02-05,2018-02-17
1040,Twinings Of London Classics Lady Grey Tea - 20 Ct,27,2018-02-21,2018-03-05
1041,Windex Original Glass & Surface Wipes - 28 Pk,21,2018-01-21,2018-02-02
1042,Turkey Hill Premium Ice Cream Party Cake,63,2018-02-27,2018-03-11
1043,Sylvia's Restaurant Specially-seasoned Field Peas With Snaps,66,2018-03-25,2018-04-06
1044,Riceland American Jazmine Rice,29,2018-01-04,2018-01-16
1045,Powerbar Protein Plus High Protein Bar Vanilla Yogurt,63,2018-02-07,2018-02-19
1046,Whitmor Stacking Shelf White Grid Medium,25,2018-02-19,2018-03-03
1047,Hime Wasabi Powdered Sushi,65,2018-03-12,2018-03-24
1048,Alessi Balsamic Reduction Traditional Balsamic,45,2018-02-03,2018-02-15
1049,Werther's Original Sugar Free Hard Candies,69,2018-01-03,2018-01-15
1050,Sacla Italia Sun Dried Pesto Sauce,59,2018-02-13,2018-02-25
1051,Frigo Cheese Heads 100% Natural String Cheese Light - 12 Ct,17,2018-01-15,2018-01-27
1052,Currant Affair Black Currant Cranberry Juice,37,2018-03-25,2018-04-06
1053,Werther's Original Sugar Free Hard Candies,73,2018-03-07,2018-03-19
1054,Ahold Cooked Shrimp Large Tail-on,55,2018-01-25,2018-02-06
1055,Careone Lubricating Jelly,18,2018-03-06,2018-03-18
1056,Earth Balance Natural Peanut Butter And Flaxseed Creamy,39,2018-02-23,2018-03-07
1057,Cocktail Rx Frozen Cocktail Cosmopolitan,51,2018-03-31,2018-04-12
1058,Barefoot Pinot Grigio  187,14,2018-01-12,2018-01-24
1059,Reynolds Staybrite Baking Cups Flowers - 36 Ct,74,2018-03-02,2018-03-14
