"Riceland American Jazmine Rice",7.21
"Caress Velvet Bliss Ultra Silkening Beauty Bar - 6 Ct",19.31
"Earth's Best Organic Fruit Yogurt Smoothie Mixed Berry",6.51
"Boar's Head Sliced White American Cheese - 120 Ct",5.64
"Back To Nature Gluten Free White Cheddar Rice Thin Crackers",8.74
"Sally Hansen Nail Color Magnetic 903 Silver Elements",2.69
"Twinings Of London Classics Lady Grey Tea - 20 Ct",8.3
"Lea & Perrins Marinade In-a-bag Cracked Peppercorn",30.05
"Van De Kamp's Fillets Beer Battered - 10 Ct",15.65
"Ahold Cocoa Almonds",10.38
"Honest Tea Peach White Tea",9.77
"Mueller Sport Care Basic Support Level Medium Elastic Knee Support",8.44
"Garnier Nutritioniste Moisture Rescue Fresh Cleansing Foam",21.55
"Pamprin Maximum Strength Multi-symptom Menstrual Pain Relief",20.81
"Suave Naturals Moisturizing Body Wash Creamy Tropical Coconut",14.52
"Burt's Bees Daily Moisturizing Cream Sensitive",22.51
"Ducal Refried Red Beans",9.66
"Scotch Removable Clear Mounting Squares - 35 Ct",23.68
"Careone Family Comb Set - 8 Ct",0.37
"Plums Black",5.72
"Doctor's Best Best Curcumin C3 Complex 1000mg Tablets - 120 Ct",9.12
"Betty Crocker Twin Pack Real Potatoes Scalloped 2 Pouches For 2 Meals - 2 Pk",8.16
"Reese Mandarin Oranges Segments In Light Syrup",16.94
"Smart Living Charcoal Lighter Fluid",20.95
"Hood Latte Iced Coffee Drink Vanilla Latte",4.39
"Triaminic Syrup Night Time Cold & Cough Grape 4oz",4.86
"Morton Kosher Salt Coarse",12.81
"Guava",9.29
"Heinz Tomato Ketchup - 2 Ct",10.32
"Petmate Booda Bones Steak,Bacon & Chicken Flavors - 9 Ct",15.04
"Zhena's Gypsy Tea Herbal Red Tea Sachets Fire Light Chai - 22 Ct",10.13
"Barefoot Pinot Grigio  187",1.99
"Tomy The First Years Gumdrop Orthodontic Pacifiers 6m+ - 2ct",21.78
"Halls Menthol Cough Suppresant/oral Anesthetic Drops Honey-lemon - 30 Ct",0.79
"Nature's Way Forskohlii - 60 Ct",7.27
"Rice Bran Gluten Free Dinner Rolls Plain",10.94
"Nakano Seasoned Rice Vinegar Original",23.54
"Sundown Naturals Essential Electrolytes Tropical Punch,Watermelon And Fruit Punch Gummies - 60 Ct",19.72
"Munchies Sandwich Crackers Cheddar Cheese On Golden Toast Crackers - 8 Pk",2.92
"Amy's Light & Lean Spaghetti Italiano",13.97
"P.f. Chang's Home Menu Meal For Two Beef With Broccoli",6.34
"Mom's Best Naturals Cereal Toasted Cinnamon Squares",12.33
"Ferrara Vanilla Syrup",9.22
"Elmer's Board Mate Dual Tip Glue Pen",12.25
"Kellogg's Disney Pixar Cars 2 Cereal",0.41
"Pizza Sauce",7.32
"Bear Naked Fit Almond Crisp 100% Natural Energy Cereal",4.81
"Dove Men + Care Antiperspirant Deodorant Cool Silver",9.25
"Easy-off Oven Cleaner Lemon Scent",10.06
"Choice Organic Teas Black Tea Classic Black - 16 Ct",5.84
"Careone Lubricating Jelly",23.41
"Sacla Italia Sun Dried Pesto Sauce",8.95
"Huggies Natural Care Wipes - 3 Pk",20.21
"Serpis Green Olives Stuffed With Spicy Chorizo",6.4
"Ripken Power Shred Beef Jerky Teriyaki",22.12
"Arnold Bread Jewish Rye Everything",11.08
"Traditional Medicinals Herbal Tea Bags Just For Kids Organic Nighty Night - 18 Ct",17.24
"Perry's Ice Cream Panda Paws",10.66
"Black Swan Shiraz Merlot 1.5",9.68
"Maty's All Natural Kids 1+ Caramel Banana Taste Cough Syrup",13.27
"Kraft Anything Dressing Honey Mustard",5.29
"Eight O'clock Coffee Dark Italian Roast Ground",14.34
"Ahold  Honey Mustard",11.67
"Enzymatic Therapy  Acidophilus Pearls Active Cultures Dietary Supplement - 30 Ct",0.35
"Ahold Complete Buttermilk Pancake & Waffle Mix",23.85
"Salsa Habanero",13.08
"Say-it Sandwich & Snack Bags- 60 Pk",5.46
"Hillshire Farm Deli Select Smoked Ham With Water Added Ultra Thin",12.57
"Nestle Coffee-mate Fat Free Hazelnut Flavor Coffee Creamer",3.09
"Careone Cotton Swabs",4.4
"1-day Vaginal Antifungal Prefilled Applicator 1-dose Treatment",16.4
"Preparation H Hemorrhoidal Ointment",13.38
"Roth Kase Mini Cheeseboard Kit Havarti,Gruyere & Pepper Jack - 3 Ct",19.14
"Firm Grip Disposable Nitrile Gloves - 10 Gloves",23.9
"Downy Ultra Infusions Orchid Allure Fabric Softener - 48 Loads",0.93
"Hostess Mini Muffins Chocolate Chip - 20 Ct",17.81
"Gerber Graduates For Toddlers Lil' Meals Pasta Shells & Cheese",2.33
"Powerbar Protein Plus High Protein Bar Vanilla Yogurt",8.2
"Every Man Jack Shave Cream",7.42
"Ahold Premium Paper Towels Giant Rolls - 8 Ct",7.2
"Piacci Parmesan Nuggets",10.52
"Organix Smoothing Shea Butter Conditioner",3.83
"Dr. Scholl's For Her Rub Relief Strips",13.25
"Guida's Whole Milk",2.63
"Hime Wasabi Powdered Sushi",19.98
"Boneless Pork Shoulder Roast",3.16
"Ahold Simply Enjoy Gourmet Spread Smoky Fig & Roasted Garlic",14.43
"Cuisinart Citrus Juicer Pulp Control",29.05
"Velveeta Cheese",2.44
"Lotrimin Ultra Antifungal Athlete's Foot Cream",12.17
"Pasta Lensi Gigli #253",14.28
"Cherrybrook Kitchen D.w. Sugar Cookie Mix",3.25
"Herb Pharm Black Elderberry Herbal Glycerite Extract",10.48
"Gold Bond Medicated Cornstarch Plus Baby Powder",1.27
"General Mills Sweet 'n Salty Honey Nut Chex Mix",6.68
"Udi's Soft N' Chewy Granola Bars Chocolate Chip - 5 Ct",5.11
"Smoked Pork Hocks - 4 Ct",15.42
"Kelapo Extra Virgin Coconut Oil Baking Sticks",0.16
"Margaret Holmes Peanut Patch Green Boiled Peanuts Hot & Spicy",0.68
"Kraft Velveeta Shells & Cheese 2% Milk",12.12
"Sylvania Daylight 75 Watt Indoor Light Bulb",5.22
"Sushi Chef Wakame Soup Mix Traditional Japanese Style",22.01
"Campbell's Homestyle Soup Italian-style Wedding",13.51
"Sapore Sensuale Cake Toasted Almond",20.7
"Goody Ouchless No Metal Elastics - 29 Ct",5.19
"Ahold Cooked Shrimp Large Tail-on",12.69
"Smart Living 10.5in X 8in",5.92
"3 Subject Notebook College Ruled",0.16
"Playtex Plastic Tampons Gentle Glide 360 Multi-pack Regular/super Fresh Scent - 18 Ct",2.88
"Hershey's Caramel Syrup",5.47
"Windex Original Glass & Surface Wipes - 28 Pk",4.42
"Olay Total Effects 7-in-1 Tone Correcting Eye Treatment 0.5 Fl Oz",7.17
"Alberto Vo5 Normal Balancing Shampoo",12.93
"Milani Total Lash Cover Mascara 105 Black",24.13
"Sylvia's Restaurant Specially-seasoned Field Peas With Snaps",22.92
"Nabisco Wheat Thins Snacks",0.18
"Careone Whitening Toothbrush Soft",10.91
"Vaseline Spray & Go Moisturizer Total Moisture",17.39
"Nature Made Fish Oil 1200mg Omega-3 360mg Liquid Softgels Lemon Flavor - 60 Ct",4.54
"Belluci Extra Virgin Olive Oil 100% Italian",4.21
"Ruffles Sour Cream & Onion Potato Chips",2.05
"Turkey Hill Premium Ice Cream Party Cake",9.49
"Tums Freshers Antacid Spearmint - 2 Pk",6.21
"Manishchewitz Gluten Free Wide Egg Noodles",5.18
"Gillette Fusion Proglide Cartridges - 8 Ct",9.54
"Bakery Pistachio Muffin - 4 Ct",3.51
"Frigo Cheese Heads 100% Natural String Cheese Light - 12 Ct",30.24
"Similac Advance Infant Formula With Iron Milk-based/ready To Feed - 6 Ct",24.92
"Rice A Roni Chicken Flavor Lower Sodium Rice",10.25
"Oberweis Dairy Raspberry Lemonade",21.71
"Companion Dog Biscuits Senior",2.16
"Coco Lite Multigrain Pop Cakes Whole Wheat",1.73
"Nestle The Original Coffee Mate",13.3
"Sweetleaf Natural Stevia Sweetener Packets - 70 Ct",6.95
"Pamela's Chocolate Cake Mix",6.77
"Designer Gift Bag Glitterwrap",6.91
"Ahold 5 Cheese Pizza Ready To Bake",6.51
"Rice Bran Gluten Free Mini Baguette",18.78
"Cracker Jack Popcorn Butter Toffee",7.84
"Swingline Standard Desk Stapler Bonus Pack!",13.89
"Pork Chops Bone-in Center Cut",24.74
"Snack Pack Tapioca Pudding - 4 Pk",19.55
"Pure Power Easy Grip Scrub Brush",8.12
"Cocktail Rx Frozen Cocktails Blue Hawaiian",14.75
"Anagram Foil Balloon 18in Happy Birthday Smiles",7.05
"Shelton's Turkey Burgers - 3 Ct",19.39
"Buckler Non-alcoholic Malt Beverage - 6 Ct",0.38
"Cento All Purpose Crushed Tomatoes",5.06
"Careone Vitamin B12 500mcg Tablets - 100 Ct",12.83
"Earth Balance Natural Peanut Butter And Flaxseed Creamy",0.45
"Looza Mango Juice Drink",5.11
"Campbell's Go Soup Coconut Curry With Chicken & Shitake Mushrooms",10.91
"Sweet Baby Ray's Barbecue Sauce",18.05
"Renuzit Gel Air Freshener Original",4.55
"Uncle Ben's Roasted Garlic Ready Whole Grain Rice Medley",4.37
"Howe Gummi Sour Brites",7.75
"Nabisco Ritz Bits Cheese Cracker Sandwiches",20.93
"Alessi Balsamic Reduction Traditional Balsamic",0.52
"Allegra Allergy 12 Hour Relief Tablets - 12 Ct",9.25
"Reynolds Staybrite Baking Cups Flowers - 36 Ct",9.48
"Mccormick Grill Mates Brown Sugar Bourbon Marinade",3.28
"Ahold Cocoa Magic Cereal",21.59
"Cocktail Rx Frozen Cocktail Cosmopolitan",16.49
"Earth Balance Natural Buttery Spread Soy Free",9.58
"T.g.i Friday's Poppers Cream Cheese Stuffed Jalapenos",6.68
"Instant Krazy Glue - 4 Ct",19.69
"Pepperidge Farm Puff Pastry Turnovers Apple - 4 Ct",10.81
"Campbell's Soup On The Go Chicken & Star Shaped Pasta Soup",15.08
"Hi-c Boppin' Strawberry Fruit Juice Boxes- 10 Pk",6.36
"Werther's Original Sugar Free Hard Candies",13.87
"Cesar Canine Cuisine Filet Mignon Flavor",12.22
"Freshpet Chilly Wags Natural Vanilla Flavor Frozen Treats For Dogs - 4 Ct",12.19
"Boston Market Spaghetti With Meatballs",12.14
"Osem Soup & Seasoning Mix Consomme",13.0
"Smart Living Assorted Binder Clips - 10 Ct",10.39
"Golden Krust Jamaican Style Spicy Beef Patties - 2 Ct",11.25
"Eden Organic Shelled & Dry Roasted Pistachios",7.74
"Mccormick Grill Mates Mesquite Marinade",7.99
"Urban Accents Fisherman's Wharf Seafood Seasoning",18.35
"Tastykake Cream Filled Koffee Kake Cupcakes Family Pack - 12 Ct",9.05
"Kikkoman Soy Sauce",0.93
"International Delight Coffee Creamer Irish Cream",15.6
"Ahold Honey Ham - Water Added",7.82
"Ahold Fitness Grape Creatine",5.95
"Premier Protein Crisp Crunchy Protein Bar Peanut Butter Caramel - 6 Ct",11.7
"Whitmor Stacking Shelf White Grid Medium",13.79
"Fruit Gushers Fruit Flavored Snacks Value Pack - 12 Ct",16.42
"Suave Naturals Everlasting Sunshine Shampoo",10.2
"Hot Pockets Sandwiches Cheeseburgers - 4 Ct",1.1
"Turkey Hill Premium Ice Cream Getrude Hawk Chocolates Box Of Chocolates",6.36
"Currant Affair Black Currant Cranberry Juice",3.57
"Spectrum Essentials Prenatal Dha Softgels - 60 Ct",10.37
"Lundberg Risotto Butternut Squash",6.81
"Twin Dragon Cookies Almond Chinese Style",9.18
"Gerber Multigrain Cereal",9.92
"Pure Protein Soft Baked Protein Bar Double Double Chocolate Vanilla Crunch",14.34
"Burt's Bees Green Tea & Lemongrass Hand Soap",11.85
"Rice Select Royal Blend Whole Grain",9.45
"Weight Watchers Smart Ones Smart Delights Strawberry Shortcake - 4 Ct",14.31
