1247,"Lily","Hernandez"
1248,"Nathan","Lam"
1249,"Thomas","Diaz"
1250,"Samuel","Gonzalez"
1251,"Emily","Perry"
1252,"Charlotte","Ortiz"
1253,"Florence","Rodriguez"
1254,"Beatrice","Jones"
1255,"Zoe","Morales"
1256,"James","Mora"
1257,"Jack","Murphy"
1258,"Beatrice","Gagnon"
1259,"Florence","Roy"
1260,"Charlotte","Perry"
1261,"William","Rodriguez"
1262,"Emily","Rodriguez"
1263,"Logan","Martin"
1264,"Charlotte","Gonzalez"
1265,"Ethan","Davis"
1266,"Avery","Smith"
1267,"William","Lee"
1268,"Emma","Hernandez"
1269,"Emily","Murphy"
1270,"Lea","Perry"
1271,"Jackson","Miller"
1272,"Lily","Williams"
1273,"Jackson","Lee"
1274,"Ethan","Jones"
1275,"Olivia","Morales"
1276,"James","Smith"
1277,"Charlotte","Brown"
1278,"Samuel","Butler"
1279,"Liam","Smith"
1280,"Rosalie","Gonzalez"
1281,"Jacob","Mora"
1282,"Jacob","Martin"
1283,"Jacob","Lam"
1284,"Charlotte","Gagnon"
1285,"Emma","Martin"
1286,"Emma","Gonzalez"
1287,"Avery","Mora"
1288,"Nathan","Tremblay"
1289,"Charlotte","Ortiz"
1290,"Ethan","Brown"
1291,"Olivia","Diaz"
1292,"Felix","Jones"
1293,"Liam","Perry"
1294,"Ethan","Roy"
1295,"Charlotte","Williams"
1296,"Samuel","Smith"
